Label (Grouping),"Anchorage, AK Metro Area!!Estimate","Anchorage, AK Metro Area!!Margin of Error","Colorado Springs, CO Metro Area!!Estimate","Colorado Springs, CO Metro Area!!Margin of Error","Houston-Pasadena-The Woodlands, TX Metro Area!!Estimate","Houston-Pasadena-The Woodlands, TX Metro Area!!Margin of Error","Kansas City, MO-KS Metro Area!!Estimate","Kansas City, MO-KS Metro Area!!Margin of Error","Los Angeles-Long Beach-Anaheim, CA Metro Area!!Estimate","Los Angeles-Long Beach-Anaheim, CA Metro Area!!Margin of Error","New York-Newark-Jersey City, NY-NJ Metro Area!!Estimate","New York-Newark-Jersey City, NY-NJ Metro Area!!Margin of Error","Omaha, NE-IA Metro Area!!Estimate","Omaha, NE-IA Metro Area!!Margin of Error","Orlando-Kissimmee-Sanford, FL Metro Area!!Estimate","Orlando-Kissimmee-Sanford, FL Metro Area!!Margin of Error","Tucson, AZ Metro Area!!Estimate","Tucson, AZ Metro Area!!Margin of Error","Tulsa, OK Metro Area!!Estimate","Tulsa, OK Metro Area!!Margin of Error"
HOUSING OCCUPANCY,,,,,,,,,,,,,,,,,,,,
    Total housing units,"172,174","±2,319","327,258","±1,153","2,978,861","±1,809","969,534",±725,"4,828,892",±863,"8,083,521","±4,695","418,309",±628,"1,173,622",±584,"484,385",±664,"451,611",±407
        Occupied housing units,"148,995","±3,367","311,530","±3,322","2,731,843","±8,601","906,504","±4,974","4,542,998","±10,740","7,490,498","±17,819","397,769","±3,139","1,073,662","±8,238","445,471","±3,708","411,320","±2,226"
        Vacant housing units,"23,179","±2,604","15,728","±3,456","247,018","±8,751","63,030","±4,914","285,894","±10,894","593,023","±16,504","20,540","±3,015","99,960","±8,185","38,914","±3,661","40,291","±2,152"
        Homeowner vacancy rate,0.9,±0.7,1,±0.5,1.1,±0.2,0.6,±0.2,0.7,±0.1,1,±0.1,0.4,±0.2,1.1,±0.3,0.9,±0.4,1.2,±0.3
        Rental vacancy rate,6.4,±2.3,4.6,±2.0,9.1,±0.5,4.4,±0.7,4,±0.3,2.9,±0.2,4,±1.0,7.5,±1.1,5.6,±1.1,4.2,±0.6
UNITS IN STRUCTURE,,,,,,,,,,,,,,,,,,,,
    Total housing units,"172,174","±2,319","327,258","±1,153","2,978,861","±1,809","969,534",±725,"4,828,892",±863,"8,083,521","±4,695","418,309",±628,"1,173,622",±584,"484,385",±664,"451,611",±407
"        1-unit, detached","95,787","±2,843","223,917","±4,079","1,857,357","±12,763","664,261","±7,248","2,281,547","±17,722","2,806,264","±18,637","295,165","±4,227","681,307","±8,492","295,868","±5,120","321,519","±2,794"
"        1-unit, attached","19,287","±3,072","23,432","±1,983","96,045","±5,795","57,756","±4,324","405,251","±10,794","587,553","±11,864","15,657","±2,104","75,689","±5,709","33,766","±2,702","9,597","±1,265"
        2 units,"8,674","±1,752","4,074","±1,082","37,328","±4,513","18,568","±2,429","119,368","±6,366","798,117","±17,059","4,338","±1,027","13,623","±2,375","7,799","±1,874","5,930",±897
        3 or 4 units,"13,434","±2,080","9,398","±2,025","82,530","±6,486","36,115","±3,555","287,901","±10,138","584,202","±13,252","7,907","±1,514","40,795","±4,273","15,833","±2,406","11,801","±1,252"
        5 to 9 units,"8,505","±1,917","14,054","±2,120","119,773","±6,988","47,107","±4,191","357,841","±11,731","446,971","±13,895","18,050","±2,475","67,182","±6,606","14,614","±2,362","19,418","±1,842"
        10 to 19 units,"8,152","±1,807","18,041","±2,533","207,218","±8,790","46,909","±4,013","337,959","±11,616","437,270","±12,937","26,729","±2,647","87,448","±6,471","24,758","±3,236","25,329","±1,868"
        20 or more units,"12,035","±1,798","26,221","±3,337","442,655","±12,081","83,111","±4,203","944,656","±15,791","2,387,999","±20,803","44,306","±3,859","139,348","±6,413","47,624","±4,106","30,151","±1,502"
        Mobile home,"6,123","±1,389","7,593","±1,410","131,452","±7,436","15,358","±2,046","90,410","±5,114","31,652","±3,022","5,850","±1,189","66,079","±5,022","42,456","±3,731","26,838","±1,606"
"        Boat, RV, van, etc.",177,±296,528,±455,"4,503","±1,456",349,±254,"3,959",±917,"3,493","±1,242",307,±387,"2,151",±913,"1,667",±711,"1,028",±321
YEAR STRUCTURE BUILT,,,,,,,,,,,,,,,,,,,,
    Total housing units,"172,174","±2,319","327,258","±1,153","2,978,861","±1,809","969,534",±725,"4,828,892",±863,"8,083,521","±4,695","418,309",±628,"1,173,622",±584,"484,385",±664,"451,611",±407
        Built 2020 or later,"2,227",±833,"16,223","±2,821","164,698","±9,605","30,132","±3,506","65,305","±5,049","104,660","±5,954","11,499","±1,959","59,123","±4,977","13,754","±2,150","12,660","±1,582"
        Built 2010 to 2019,"20,992","±1,996","42,713","±3,918","573,007","±15,320","93,989","±5,184","283,107","±9,022","486,314","±15,560","47,660","±3,099","198,016","±9,137","40,272","±3,621","53,003","±2,398"
        Built 2000 to 2009,"28,071","±2,584","58,712","±4,088","583,267","±12,629","137,640","±5,566","321,595","±10,886","546,230","±13,276","62,912","±3,401","256,117","±10,436","85,924","±4,956","60,760","±2,477"
        Built 1990 to 1999,"20,062","±2,254","48,099","±3,521","361,865","±11,197","119,989","±5,445","331,325","±9,349","444,779","±11,674","47,074","±3,394","188,120","±9,028","74,995","±4,460","47,710","±2,309"
        Built 1980 to 1989,"40,020","±3,763","48,933","±4,277","401,869","±12,680","114,062","±5,119","602,449","±14,116","634,905","±12,740","37,584","±3,268","207,939","±7,979","83,251","±4,701","61,643","±2,520"
        Built 1970 to 1979,"39,888","±3,303","47,947","±3,500","421,433","±12,334","128,525","±5,586","767,261","±13,719","793,254","±12,636","58,888","±3,717","123,877","±6,922","89,974","±4,454","82,974","±2,828"
        Built 1960 to 1969,"11,803","±1,626","28,462","±3,159","200,638","±8,469","103,382","±4,633","707,840","±12,708","1,064,903","±16,206","44,593","±2,912","60,623","±5,278","38,441","±3,305","44,320","±2,461"
        Built 1950 to 1959,"6,944","±1,401","17,052","±2,092","150,594","±7,239","100,834","±5,654","825,071","±12,088","1,219,445","±16,060","35,442","±2,566","50,860","±3,921","37,636","±3,618","40,278","±1,942"
        Built 1940 to 1949,881,±414,"4,553","±1,322","57,460","±4,070","37,160","±3,304","366,525","±10,380","648,818","±15,441","11,863","±1,742","11,675","±2,476","10,749","±1,836","18,183","±1,048"
        Built 1939 or earlier,"1,286",±709,"14,564","±1,835","64,030","±4,624","103,821","±4,383","558,414","±11,393","2,140,213","±22,497","60,794","±3,246","17,272","±2,859","9,389","±1,906","30,080","±1,605"
ROOMS,,,,,,,,,,,,,,,,,,,,
    Total housing units,"172,174","±2,319","327,258","±1,153","2,978,861","±1,809","969,534",±725,"4,828,892",±863,"8,083,521","±4,695","418,309",±628,"1,173,622",±584,"484,385",±664,"451,611",±407
        1 room,"6,235","±1,367","5,663","±1,462","103,124","±6,714","20,526","±2,957","295,138","±12,013","448,416","±13,709","11,468","±2,078","25,992","±3,212","18,722","±2,830","10,124","±1,284"
        2 rooms,"10,953","±1,755","11,983","±2,581","133,639","±7,353","36,283","±3,555","287,344","±9,103","477,964","±13,507","14,867","±2,262","38,743","±4,330","16,367","±2,397","13,327","±1,440"
        3 rooms,"20,430","±2,648","26,080","±3,062","312,465","±12,297","75,678","±4,662","739,608","±13,779","1,305,853","±22,980","32,363","±2,962","113,028","±7,294","48,023","±4,073","41,501","±2,149"
        4 rooms,"32,033","±2,772","44,922","±4,323","456,148","±12,973","123,547","±5,933","1,022,921","±14,736","1,560,096","±21,478","51,104","±3,575","194,908","±8,510","83,810","±4,402","66,427","±2,859"
        5 rooms,"30,318","±3,298","40,662","±4,224","485,356","±12,687","164,381","±5,497","819,857","±15,961","1,255,138","±22,049","61,891","±4,038","208,634","±11,115","91,121","±4,432","92,046","±3,138"
        6 rooms,"24,233","±2,583","44,683","±3,941","500,233","±13,539","173,711","±6,517","702,755","±12,955","1,017,780","±18,253","69,378","±4,225","220,099","±9,385","92,584","±5,327","87,043","±3,138"
        7 rooms,"17,415","±2,106","40,019","±3,565","321,617","±10,334","119,346","±5,003","399,047","±10,374","662,936","±13,756","53,398","±2,977","139,425","±7,221","59,701","±4,178","53,419","±2,819"
        8 rooms,"11,816","±1,688","39,384","±3,741","283,755","±11,091","98,501","±4,563","290,718","±7,454","566,360","±12,248","39,314","±3,238","112,640","±6,598","37,360","±3,596","38,220","±2,116"
        9 rooms or more,"18,741","±2,335","73,862","±3,999","382,524","±11,421","157,561","±5,698","271,504","±8,981","788,978","±11,537","84,526","±3,686","120,153","±5,728","36,697","±3,036","49,504","±1,919"
        Median rooms,5,±0.2,6.3,±0.2,5.5,±0.1,5.9,±0.1,4.6,±0.1,4.7,±0.1,6,±0.2,5.5,±0.1,5.3,±0.1,5.5,±0.1
BEDROOMS,,,,,,,,,,,,,,,,,,,,
    Total housing units,"172,174","±2,319","327,258","±1,153","2,978,861","±1,809","969,534",±725,"4,828,892",±863,"8,083,521","±4,695","418,309",±628,"1,173,622",±584,"484,385",±664,"451,611",±407
        No bedroom,"7,384","±1,503","6,001","±1,477","111,293","±7,038","23,005","±3,301","336,179","±13,064","513,250","±15,218","12,370","±2,063","28,502","±3,425","20,045","±2,938","11,054","±1,365"
        1 bedroom,"20,936","±2,474","33,838","±3,192","416,175","±10,498","106,774","±5,725","844,774","±12,439","1,719,337","±26,726","48,864","±3,886","110,429","±6,047","56,695","±3,978","48,670","±2,116"
        2 bedrooms,"41,692","±3,461","64,129","±4,414","568,515","±13,564","221,766","±7,233","1,404,351","±17,993","2,190,647","±28,050","93,763","±4,300","295,656","±10,512","127,786","±5,630","96,498","±3,126"
        3 bedrooms,"65,019","±3,600","96,661","±4,851","1,025,274","±15,285","360,118","±8,219","1,360,152","±17,076","2,158,393","±25,302","154,779","±3,573","422,594","±11,867","175,365","±5,920","202,124","±3,790"
        4 bedrooms,"29,088","±2,803","83,942","±5,323","695,786","±15,471","200,870","±6,047","688,838","±12,577","1,102,179","±16,434","78,310","±3,886","248,548","±9,120","88,496","±5,872","77,884","±2,638"
        5 or more bedrooms,"8,055","±1,688","42,687","±3,290","161,818","±9,026","57,001","±3,316","194,598","±7,564","399,715","±9,923","30,223","±2,520","67,893","±5,655","15,998","±2,378","15,381","±1,350"
HOUSING TENURE,,,,,,,,,,,,,,,,,,,,
    Occupied housing units,"148,995","±3,367","311,530","±3,322","2,731,843","±8,601","906,504","±4,974","4,542,998","±10,740","7,490,498","±17,819","397,769","±3,139","1,073,662","±8,238","445,471","±3,708","411,320","±2,226"
        Owner-occupied,"99,752","±3,433","209,563","±4,239","1,677,691","±13,996","599,608","±6,650","2,189,902","±16,242","3,825,885","±23,604","263,098","±3,908","670,080","±9,195","292,307","±5,350","265,474","±3,733"
        Renter-occupied,"49,243","±3,626","101,967","±4,334","1,054,152","±14,670","306,896","±6,518","2,353,096","±16,608","3,664,613","±25,873","134,671","±4,189","403,582","±10,995","153,164","±5,400","145,846","±3,308"
        Average household size of owner-occupied unit,2.8,±0.08,2.5,±0.03,2.93,±0.02,2.62,±0.03,2.96,±0.02,2.78,±0.01,2.66,±0.04,2.67,±0.03,2.45,±0.04,2.67,±0.03
        Average household size of renter-occupied unit,2.27,±0.11,2.19,±0.07,2.38,±0.02,2.03,±0.04,2.58,±0.01,2.3,±0.01,1.98,±0.06,2.42,±0.04,2.07,±0.06,2.18,±0.04
YEAR HOUSEHOLDER MOVED INTO UNIT,,,,,,,,,,,,,,,,,,,,
    Occupied housing units,"148,995","±3,367","311,530","±3,322","2,731,843","±8,601","906,504","±4,974","4,542,998","±10,740","7,490,498","±17,819","397,769","±3,139","1,073,662","±8,238","445,471","±3,708","411,320","±2,226"
        Moved in 2021 or later,"47,979","±4,071","112,647","±5,216","896,271","±16,071","253,458","±6,176","1,056,858","±16,905","1,658,540","±24,418","113,976","±5,112","348,136","±9,640","138,668","±5,427","117,930","±3,304"
        Moved in 2018 to 2020,"28,196","±2,902","62,151","±3,737","533,672","±15,047","177,526","±6,878","787,217","±13,130","1,245,401","±19,377","75,034","±4,456","242,547","±9,340","85,386","±5,305","83,352","±2,917"
        Moved in 2010 to 2017,"32,377","±3,102","60,778","±3,775","590,194","±15,359","201,897","±6,704","1,098,304","±14,999","1,666,248","±23,707","88,764","±3,395","225,183","±7,757","95,765","±5,146","93,423","±3,157"
        Moved in 2000 to 2009,"20,974","±1,889","37,806","±2,725","408,379","±10,530","131,231","±5,043","723,548","±12,094","1,244,299","±20,570","60,973","±3,763","143,954","±6,737","64,780","±3,808","56,874","±2,687"
        Moved in 1990 to 1999,"10,435","±1,303","23,724","±2,076","174,634","±7,473","76,559","±3,595","461,575","±11,511","822,216","±16,357","29,920","±2,464","71,671","±4,696","35,288","±2,986","30,186","±2,071"
        Moved in 1989 and earlier,"9,034","±1,442","14,424","±1,404","128,693","±5,902","65,833","±3,209","415,496","±9,435","853,794","±15,498","29,102","±1,919","42,171","±3,683","25,584","±2,243","29,555","±1,760"
VEHICLES AVAILABLE,,,,,,,,,,,,,,,,,,,,
    Occupied housing units,"148,995","±3,367","311,530","±3,322","2,731,843","±8,601","906,504","±4,974","4,542,998","±10,740","7,490,498","±17,819","397,769","±3,139","1,073,662","±8,238","445,471","±3,708","411,320","±2,226"
        No vehicles available,"7,568","±1,320","12,849","±1,915","158,102","±9,001","45,266","±3,900","364,537","±8,184","2,359,850","±26,208","21,676","±2,323","51,612","±6,316","33,440","±3,749","26,303","±1,990"
        1 vehicle available,"48,444","±4,305","93,283","±4,522","905,653","±14,560","299,082","±8,235","1,520,196","±20,807","2,445,205","±24,627","127,057","±4,552","389,953","±10,703","157,874","±6,617","134,720","±3,417"
        2 vehicles available,"56,343","±3,359","128,772","±4,374","1,063,587","±15,184","359,095","±8,970","1,615,195","±20,045","1,796,186","±21,273","157,431","±4,654","431,685","±11,441","164,323","±6,091","154,051","±3,674"
        3 or more vehicles available,"36,640","±3,012","76,626","±4,013","604,501","±13,912","203,061","±6,914","1,043,070","±15,731","889,257","±14,287","91,605","±4,428","200,412","±8,679","89,834","±4,339","96,246","±3,229"
HOUSE HEATING FUEL,,,,,,,,,,,,,,,,,,,,
    Occupied housing units,"148,995","±3,367","311,530","±3,322","2,731,843","±8,601","906,504","±4,974","4,542,998","±10,740","7,490,498","±17,819","397,769","±3,139","1,073,662","±8,238","445,471","±3,708","411,320","±2,226"
        Utility gas,"114,316","±3,983","215,946","±4,477","1,179,311","±12,842","584,998","±8,380","2,871,527","±19,543","4,865,976","±29,048","268,756","±5,415","61,158","±5,429","220,245","±6,360","236,797","±3,536"
"        Bottled, tank, or LP gas","3,010",±935,"13,538","±1,524","61,105","±4,735","38,988","±2,750","81,253","±5,304","215,984","±8,763","19,040","±1,997","8,754","±1,858","9,292","±1,578","17,578","±1,331"
        Electricity,"20,785","±2,664","73,640","±4,565","1,456,942","±14,819","270,136","±7,911","1,322,994","±17,361","1,206,487","±19,919","104,420","±4,705","965,436","±10,129","204,917","±6,504","150,279","±3,293"
"        Fuel oil, kerosene, etc.","5,854",±905,274,±287,"2,108","±1,215",746,±377,"6,104","±1,696","967,368","±17,581",464,±270,"1,794",±896,255,±208,275,±166
        Coal or coke,52,±86,156,±250,117,±191,341,±321,818,±428,"3,401","±1,229",0,±210,0,±243,66,±110,37,±62
        Wood,"3,417",±752,"2,509",±648,"1,259",±424,"4,548","±1,205","8,709","±1,706","11,324","±1,785",948,±406,674,±523,"1,329",±662,"3,492",±596
        Solar energy,0,±170,"1,741",±718,"4,260","±1,498","1,449",±662,"29,821","±2,442","12,916","±2,040",115,±113,"15,401","±2,524","4,788","±1,133",180,±128
        Other fuel,541,±301,"1,484",±761,"6,335","±2,103","2,763",±945,"6,444","±1,497","83,259","±5,342","1,543",±570,964,±676,559,±426,"1,186",±332
        No fuel used,"1,020",±501,"2,242",±824,"20,406","±2,934","2,535",±906,"215,328","±7,320","123,783","±7,562","2,483",±875,"19,481","±3,085","4,020","±1,251","1,496",±465
SELECTED CHARACTERISTICS,,,,,,,,,,,,,,,,,,,,
    Occupied housing units,"148,995","±3,367","311,530","±3,322","2,731,843","±8,601","906,504","±4,974","4,542,998","±10,740","7,490,498","±17,819","397,769","±3,139","1,073,662","±8,238","445,471","±3,708","411,320","±2,226"
        Lacking complete plumbing facilities,"2,444",±811,"1,259",±716,"10,043","±1,959","3,454","±1,127","20,057","±2,809","29,129","±3,266",970,±472,"3,184","±1,431","2,224","±1,040","1,663",±531
        Lacking complete kitchen facilities,"2,515",±901,"1,471",±712,"19,226","±3,080","7,644","±1,710","72,299","±5,363","58,041","±4,384","3,951","±1,018","7,159","±1,819","2,957",±907,"3,883",±671
        No telephone service available,"1,343",±667,"1,683",±636,"27,615","±4,072","5,793","±1,476","45,279","±4,589","74,802","±6,286","3,282",±957,"10,711","±2,174","3,837","±1,179","3,871",±898
OCCUPANTS PER ROOM,,,,,,,,,,,,,,,,,,,,
    Occupied housing units,"148,995","±3,367","311,530","±3,322","2,731,843","±8,601","906,504","±4,974","4,542,998","±10,740","7,490,498","±17,819","397,769","±3,139","1,073,662","±8,238","445,471","±3,708","411,320","±2,226"
        1.00 or less,"142,321","±3,388","305,347","±3,484","2,584,506","±11,427","886,642","±5,392","4,077,434","±14,565","6,996,707","±23,382","387,304","±3,249","1,036,222","±9,519","430,209","±4,352","396,663","±2,531"
        1.01 to 1.50,"3,837","±1,154","4,522","±1,434","87,616","±6,074","14,070","±2,342","272,209","±9,247","277,740","±10,992","6,547","±1,473","25,842","±3,373","7,506","±1,688","9,788","±1,332"
        1.51 or more,"2,837","±1,141","1,661",±698,"59,721","±5,976","5,792","±1,419","193,355","±8,305","216,051","±9,735","3,918","±1,227","11,598","±2,355","7,756","±1,865","4,869",±966
VALUE,,,,,,,,,,,,,,,,,,,,
    Owner-occupied units,"99,752","±3,433","209,563","±4,239","1,677,691","±13,996","599,608","±6,650","2,189,902","±16,242","3,825,885","±23,604","263,098","±3,908","670,080","±9,195","292,307","±5,350","265,474","±3,733"
"        Less than $50,000","4,301",±984,"6,503","±1,647","70,817","±4,910","31,829","±3,390","43,059","±2,918","94,109","±6,104","9,900","±1,547","31,331","±3,639","18,718","±2,126","18,769","±1,477"
"        $50,000 to $99,999","1,797",±743,"2,184",±647,"56,945","±4,653","33,782","±2,527","38,216","±3,396","58,148","±4,660","8,794","±1,456","18,701","±3,039","8,807","±1,522","23,096","±1,688"
"        $100,000 to $149,999","3,703","±1,086","1,926",±893,"86,302","±5,812","47,172","±3,960","25,329","±2,892","54,998","±4,692","20,539","±2,083","19,479","±2,595","11,460","±1,837","29,294","±1,840"
"        $150,000 to $199,999","4,023","±1,280","2,624",±891,"148,330","±6,962","63,278","±3,767","16,886","±1,949","62,793","±4,114","33,660","±2,402","28,305","±3,801","18,513","±2,658","38,769","±2,225"
"        $200,000 to $299,999","17,282","±1,865","15,302","±1,968","447,208","±9,592","138,887","±5,749","29,695","±3,208","214,194","±8,091","75,074","±3,635","110,812","±5,741","61,610","±3,673","71,354","±3,112"
"        $300,000 to $499,999","43,136","±3,274","90,904","±3,917","553,212","±11,682","188,289","±5,063","161,903","±6,374","899,124","±14,426","83,158","±3,360","277,451","±9,299","115,425","±4,738","58,897","±2,676"
"        $500,000 to $999,999","23,055","±2,548","79,611","±4,135","253,900","±8,412","83,676","±4,127","1,077,261","±15,845","1,823,877","±21,164","27,575","±2,238","156,372","±5,837","50,562","±3,230","21,070","±1,448"
"        $1,000,000 or more","2,455",±938,"10,509","±1,523","60,977","±4,042","12,695","±1,629","797,553","±12,516","618,642","±11,706","4,398","±1,083","27,629","±3,139","7,212","±1,141","4,225",±650
        Median (dollars),"371,600","±8,255","472,600","±6,140","308,200","±2,956","289,200","±3,561","867,200","±4,333","610,200","±2,813","278,300","±4,155","383,100","±4,313","337,800","±5,172","230,200","±3,166"
MORTGAGE STATUS,,,,,,,,,,,,,,,,,,,,
    Owner-occupied units,"99,752","±3,433","209,563","±4,239","1,677,691","±13,996","599,608","±6,650","2,189,902","±16,242","3,825,885","±23,604","263,098","±3,908","670,080","±9,195","292,307","±5,350","265,474","±3,733"
        Housing units with a mortgage,"65,295","±3,529","148,100","±4,614","985,706","±13,140","381,393","±5,982","1,486,465","±16,089","2,333,416","±21,843","174,488","±4,347","424,485","±8,828","171,433","±5,330","150,842","±3,918"
        Housing units without a mortgage,"34,457","±2,476","61,463","±3,715","691,985","±12,824","218,215","±5,315","703,437","±11,396","1,492,469","±20,157","88,610","±3,190","245,595","±7,862","120,874","±5,239","114,632","±3,276"
SELECTED MONTHLY OWNER COSTS (SMOC),,,,,,,,,,,,,,,,,,,,
    Housing units with a mortgage,"65,295","±3,529","148,100","±4,614","985,706","±13,140","381,393","±5,982","1,486,465","±16,089","2,333,416","±21,843","174,488","±4,347","424,485","±8,828","171,433","±5,330","150,842","±3,918"
        Less than $500,264,±221,774,±620,"6,762","±1,524","2,322",±842,"10,448","±1,538","13,151","±1,851","1,084",±624,"3,127","±1,101","1,520",±596,"1,296",±467
        $500 to $999,"2,595",±736,"6,131","±1,210","39,217","±4,180","34,697","±2,765","20,593","±2,371","48,257","±4,042","9,720","±1,411","29,014","±3,568","23,354","±2,518","19,748","±1,612"
"        $1,000 to $1,499","8,258","±1,744","23,994","±2,611","140,346","±7,263","92,683","±4,518","76,912","±4,461","121,804","±6,424","41,075","±2,997","82,163","±4,998","51,470","±3,525","47,458","±2,642"
"        $1,500 to $1,999","16,266","±2,185","36,698","±2,804","230,826","±9,570","98,572","±5,534","160,298","±5,971","219,827","±8,641","46,332","±3,616","115,597","±7,055","43,965","±3,998","39,080","±2,068"
"        $2,000 to $2,499","14,668","±2,075","31,398","±2,588","196,448","±9,015","69,110","±3,795","215,106","±6,552","317,404","±9,603","31,809","±2,898","81,461","±5,076","24,560","±3,068","19,193","±1,762"
"        $2,500 to $2,999","9,600","±1,671","20,350","±3,060","136,137","±7,742","35,946","±2,905","222,686","±6,667","378,046","±10,665","19,463","±1,888","47,108","±3,774","12,877","±2,067","10,551","±1,078"
"        $3,000 or more","13,644","±1,837","28,755","±3,019","235,970","±8,201","48,063","±3,399","780,422","±14,584","1,234,927","±16,770","25,005","±2,012","66,015","±4,862","13,687","±1,603","13,516","±1,457"
        Median (dollars),"2,179",±61,"2,103",±43,"2,193",±25,"1,798",±22,"3,096",±23,"3,104",±20,"1,877",±33,"1,926",±24,"1,603",±38,"1,575",±22
    Housing units without a mortgage,"34,457","±2,476","61,463","±3,715","691,985","±12,824","218,215","±5,315","703,437","±11,396","1,492,469","±20,157","88,610","±3,190","245,595","±7,862","120,874","±5,239","114,632","±3,276"
        Less than $250,"2,042",±740,"2,782",±991,"34,262","±3,841","7,297","±1,457","22,433","±2,574","70,318","±4,459","1,885",±595,"13,935","±2,097","9,061","±1,685","6,666","±1,020"
        $250 to $399,"3,301","±1,078","7,551","±1,529","71,496","±5,324","23,006","±2,611","48,220","±3,674","42,785","±4,227","5,967","±1,357","35,693","±4,322","22,975","±2,372","19,553","±1,656"
        $400 to $599,"5,941","±1,329","16,563","±1,797","129,481","±6,554","53,593","±3,805","114,980","±4,944","77,052","±4,969","15,914","±1,799","58,273","±5,098","40,991","±3,244","38,571","±2,259"
        $600 to $799,"7,558","±1,464","16,942","±2,045","134,732","±6,076","56,082","±3,298","129,431","±5,281","105,033","±6,098","23,290","±2,052","55,164","±4,448","23,822","±2,329","24,565","±1,711"
        $800 to $999,"7,809","±1,507","7,980","±1,237","110,262","±7,274","37,724","±2,926","107,115","±5,578","169,078","±6,963","18,677","±2,156","36,049","±3,935","12,857","±2,105","12,515","±1,168"
"        $1,000 or more","7,806","±1,397","9,645","±1,525","211,752","±8,152","40,513","±2,807","281,258","±8,344","1,028,203","±15,636","22,877","±2,396","46,481","±3,857","11,168","±1,709","12,762","±1,336"
        Median (dollars),759,±30,638,±18,764,±12,684,±12,862,±10,"1,267",±10,778,±19,650,±17,534,±13,561,±9
SELECTED MONTHLY OWNER COSTS AS A PERCENTAGE OF HOUSEHOLD INCOME (SMOCAPI),,,,,,,,,,,,,,,,,,,,
    Housing units with a mortgage (excluding units where SMOCAPI cannot be computed),"65,131","±3,490","147,027","±4,547","981,094","±13,375","380,530","±6,018","1,476,706","±16,102","2,321,387","±22,028","173,955","±4,356","422,455","±8,753","169,993","±5,125","150,043","±3,893"
        Less than 20.0 percent,"30,163","±2,745","58,834","±3,147","425,546","±11,438","193,945","±5,862","497,765","±10,701","907,516","±14,903","86,959","±3,343","173,513","±7,546","86,423","±4,600","74,662","±2,722"
        20.0 to 24.9 percent,"10,631","±1,881","25,707","±3,074","152,021","±8,036","57,308","±3,764","198,912","±6,820","318,703","±10,094","29,142","±2,598","63,940","±4,854","23,941","±2,527","21,824","±1,613"
        25.0 to 29.9 percent,"7,100","±1,313","16,179","±2,089","101,578","±7,268","35,978","±3,454","160,628","±6,298","233,015","±8,236","19,103","±2,121","42,758","±3,769","14,382","±1,884","15,967","±1,602"
        30.0 to 34.9 percent,"4,100","±1,015","11,984","±1,925","71,299","±4,857","24,592","±2,798","120,742","±5,602","181,733","±6,845","9,722","±1,565","34,065","±4,456","12,560","±2,228","10,194","±1,310"
        35.0 percent or more,"13,137","±1,855","34,323","±3,411","230,650","±9,863","68,707","±4,203","498,659","±11,721","680,420","±13,576","29,029","±2,704","108,179","±6,189","32,687","±3,032","27,396","±2,024"
        Not computed,164,±224,"1,073",±807,"4,612","±1,512",863,±442,"9,759","±1,717","12,029","±2,102",533,±396,"2,030",±945,"1,440",±942,799,±352
    Housing unit without a mortgage (excluding units where SMOCAPI cannot be computed),"34,185","±2,484","60,734","±3,676","681,067","±13,026","215,839","±5,388","690,901","±11,433","1,474,087","±19,986","87,713","±3,233","241,657","±7,864","118,949","±5,169","112,254","±3,204"
        Less than 10.0 percent,"18,865","±2,027","31,581","±2,506","283,099","±9,853","90,062","±3,895","305,039","±9,227","473,690","±11,360","35,452","±2,177","105,571","±5,674","58,651","±4,026","48,705","±2,658"
        10.0 to 14.9 percent,"4,849",±977,"11,137","±1,760","138,158","±6,450","45,508","±3,471","120,238","±4,270","266,193","±8,852","17,343","±1,739","43,753","±4,392","21,325","±2,337","22,467","±2,060"
        15.0 to 19.9 percent,"3,801","±1,175","6,462","±1,436","79,165","±5,843","25,242","±2,491","69,175","±3,796","178,066","±6,998","10,715","±1,399","24,273","±2,856","11,139","±1,883","12,606","±1,380"
        20.0 to 24.9 percent,"1,780",±732,"3,930","±1,062","44,725","±4,243","16,451","±2,186","42,725","±3,299","118,708","±6,412","7,126","±1,349","17,477","±2,880","6,644","±1,475","7,048","±1,005"
        25.0 to 29.9 percent,"1,155",±557,"1,661",±657,"30,620","±3,441","8,364","±1,330","25,566","±2,326","79,393","±4,843","4,031",±945,"10,705","±1,855","4,275",±919,"5,522",±970
        30.0 to 34.9 percent,438,±242,"1,279",±498,"18,693","±2,697","5,996","±1,172","19,937","±1,985","58,016","±4,598","2,022",±570,"7,062","±1,669","2,567",±959,"3,090",±628
        35.0 percent or more,"3,297",±867,"4,684",±916,"86,607","±4,995","24,216","±2,156","108,221","±5,763","300,021","±8,762","11,024","±1,742","32,816","±3,759","14,348","±1,946","12,816","±1,268"
        Not computed,272,±182,729,±485,"10,918","±1,995","2,376",±760,"12,536","±1,925","18,382","±2,633",897,±530,"3,938",±936,"1,925",±876,"2,378",±665
GROSS RENT,,,,,,,,,,,,,,,,,,,,
    Occupied units paying rent,"46,570","±3,512","98,716","±4,383","1,028,485","±14,435","296,256","±6,518","2,293,886","±16,781","3,562,832","±26,864","130,469","±4,210","394,166","±11,363","146,762","±5,454","137,295","±3,320"
        Less than $500,"1,875",±696,"1,942",±814,"25,662","±3,517","15,113","±2,159","81,942","±5,033","264,918","±9,867","7,260","±1,247","6,905","±1,864","6,023","±1,537","9,714","±1,042"
        $500 to $999,"6,203","±1,369","9,467","±1,913","165,125","±8,506","67,341","±4,961","137,434","±6,686","349,922","±13,324","37,691","±3,083","24,471","±3,989","34,515","±3,509","49,017","±2,422"
"        $1,000 to $1,499","17,697","±2,382","26,454","±3,136","375,448","±11,771","121,831","±6,618","377,861","±11,494","722,272","±19,100","49,628","±3,779","91,215","±5,499","54,625","±4,640","53,676","±2,804"
"        $1,500 to $1,999","11,611","±1,832","27,888","±3,055","273,828","±11,654","63,467","±4,469","557,657","±13,521","842,468","±18,335","25,896","±2,562","124,714","±6,946","32,276","±3,748","16,994","±1,514"
"        $2,000 to $2,499","5,162","±1,518","20,832","±3,229","118,909","±7,787","19,041","±2,216","468,612","±11,404","557,997","±16,530","6,325","±1,557","93,055","±7,572","11,363","±2,308","4,840","±1,042"
"        $2,500 to $2,999","1,826",±734,"6,386","±1,526","40,317","±4,510","4,678","±1,444","274,705","±10,152","301,995","±10,815","1,551",±735,"36,969","±4,328","3,258","±1,256","1,257",±418
"        $3,000 or more","2,196",±842,"5,747","±1,368","29,196","±3,620","4,785","±1,169","395,675","±10,222","523,260","±14,804","2,118",±823,"16,837","±2,834","4,702","±1,266","1,797",±430
        Median (dollars),"1,428",±46,"1,706",±49,"1,433",±14,"1,240",±17,"1,993",±11,"1,764",±10,"1,168",±26,"1,799",±23,"1,263",±41,"1,075",±16
        No rent paid,"2,673","±1,067","3,251",±915,"25,667","±3,186","10,640","±1,628","59,210","±4,007","101,781","±5,356","4,202",±871,"9,416","±1,926","6,402","±1,615","8,551","±1,298"
GROSS RENT AS A PERCENTAGE OF HOUSEHOLD INCOME (GRAPI),,,,,,,,,,,,,,,,,,,,
    Occupied units paying rent (excluding units where GRAPI cannot be computed),"46,193","±3,514","98,016","±4,407","1,004,093","±14,885","292,012","±6,509","2,243,784","±17,772","3,482,685","±26,658","128,493","±4,249","385,228","±11,342","143,228","±5,670","133,929","±3,342"
        Less than 15.0 percent,"5,980","±1,409","8,320","±1,749","96,582","±6,157","38,553","±4,068","201,592","±7,862","480,756","±15,033","15,787","±2,185","27,660","±3,692","13,089","±2,085","16,712","±1,524"
        15.0 to 19.9 percent,"4,516","±1,230","10,537","±1,835","110,452","±8,277","39,640","±3,911","236,189","±9,248","412,797","±11,807","17,779","±2,331","40,501","±4,238","18,122","±2,964","18,037","±1,776"
        20.0 to 24.9 percent,"6,706","±1,533","13,475","±2,181","138,726","±8,878","42,011","±4,255","257,471","±9,411","404,722","±13,290","18,666","±2,189","40,143","±4,589","18,224","±2,372","17,498","±1,842"
        25.0 to 29.9 percent,"7,143","±1,835","12,938","±2,233","115,793","±7,292","35,487","±3,697","252,237","±11,247","381,086","±13,295","16,370","±2,199","42,872","±4,737","14,944","±2,315","17,335","±1,416"
        30.0 to 34.9 percent,"4,959","±1,165","10,137","±2,005","91,704","±6,836","27,669","±3,200","212,731","±8,478","301,108","±13,596","11,120","±2,110","35,261","±4,686","12,289","±2,902","12,775","±1,528"
        35.0 percent or more,"16,889","±2,373","42,609","±3,818","450,836","±13,183","108,652","±5,879","1,083,564","±14,161","1,502,216","±24,964","48,771","±3,524","198,791","±11,013","66,560","±5,087","51,572","±2,342"
        Not computed,"3,050","±1,140","3,951","±1,158","50,059","±4,925","14,884","±1,926","109,312","±5,461","181,928","±6,924","6,178","±1,145","18,354","±2,964","9,936","±2,097","11,917","±1,423"
